{"loss": [24.766921997070312, 11.885401725769043, 9.06698226928711, 7.787626266479492, 6.982354640960693, 6.47032356262207, 6.056154251098633, 5.763663291931152, 5.511344909667969, 5.285545825958252, 5.07774019241333, 4.930655479431152, 4.794877529144287, 4.7015910148620605, 4.574368953704834, 4.466113090515137, 4.37726354598999, 4.375885486602783, 4.22645378112793, 4.173856258392334, 4.0889811515808105, 4.12175178527832, 4.025614261627197, 3.940547466278076, 3.8597323894500732, 3.8494763374328613, 3.76849627494812, 3.7295548915863037, 3.7192795276641846, 3.7094619274139404, 3.603325843811035, 3.6210389137268066, 3.5941812992095947, 3.5930676460266113, 3.477799415588379, 3.4788923263549805, 3.5155656337738037], "cer": [0.7400112152099609, 0.34515103697776794, 0.26546722650527954, 0.22912271320819855, 0.20577877759933472, 0.19175827503204346, 0.1792406439781189, 0.17115609347820282, 0.1634143888950348, 0.15748192369937897, 0.15105830132961273, 0.14710962772369385, 0.14306576550006866, 0.14088651537895203, 0.13719993829727173, 0.1341570019721985, 0.1311093419790268, 0.13113132119178772, 0.12723834812641144, 0.1254177689552307, 0.12315875291824341, 0.12412166595458984, 0.12129798531532288, 0.1188364177942276, 0.1162714958190918, 0.11607704311609268, 0.113698311150074, 0.1125250980257988, 0.11251531541347504, 0.11201426386833191, 0.10940837860107422, 0.10990584641695023, 0.10869495570659637, 0.10870896279811859, 0.10563255101442337, 0.10544879734516144, 0.106450654566288], "accuracy": [0.010172415524721146, 0.1602582037448883, 0.2810833752155304, 0.3502810001373291, 0.4011605978012085, 0.4341910481452942, 0.4626033306121826, 0.4831315279006958, 0.5037490725517273, 0.5166978240013123, 0.5336125493049622, 0.5447306036949158, 0.552834689617157, 0.5603966116905212, 0.5701416730880737, 0.5780034065246582, 0.5845893621444702, 0.5873832702636719, 0.5960646271705627, 0.600317656993866, 0.6056757569313049, 0.6034097075462341, 0.6103720664978027, 0.6198635697364807, 0.6248453259468079, 0.6245295405387878, 0.6316657662391663, 0.6335411071777344, 0.6353191137313843, 0.6386392116546631, 0.6463925242424011, 0.6434647440910339, 0.6485214233398438, 0.6485405564308167, 0.656592071056366, 0.6561678647994995, 0.6551185846328735], "val_loss": [10.004878044128418, 5.154711723327637, 3.9156763553619385, 3.28670597076416, 3.0422048568725586, 3.0312583446502686, 2.8874316215515137, 2.4812254905700684, 2.449091911315918, 2.550049304962158, 2.2741384506225586, 2.259998083114624, 2.2712807655334473, 2.172036647796631, 2.192303419113159, 2.0192596912384033, 2.102245330810547, 2.1293296813964844, 2.024618625640869, 1.9833502769470215, 2.7269601821899414, 1.9683845043182373, 1.9624192714691162, 2.0357697010040283, 2.0024750232696533, 1.9198964834213257, 1.8247582912445068, 1.9279460906982422, 1.9585206508636475, 1.9039007425308228, 2.067254066467285, 1.9593552350997925, 1.9020638465881348, 1.8831745386123657, 2.037205696105957, 1.950849175453186, 1.8938584327697754], "val_cer": [0.28430911898612976, 0.1539936512708664, 0.12059472501277924, 0.09792239964008331, 0.09229914844036102, 0.09134560823440552, 0.08699988573789597, 0.07616643607616425, 0.07396142184734344, 0.07548580318689346, 0.06806272268295288, 0.06717471778392792, 0.0661529004573822, 0.06610850989818573, 0.06392762064933777, 0.06076837703585625, 0.06079529970884323, 0.060674428939819336, 0.05710412189364433, 0.05576283112168312, 0.08013314008712769, 0.05584964528679848, 0.055133040994405746, 0.05864175409078598, 0.054321590811014175, 0.052913639694452286, 0.051750313490629196, 0.05356800556182861, 0.054227542132139206, 0.05308261141180992, 0.05439089983701706, 0.05293954536318779, 0.051790084689855576, 0.051815520972013474, 0.05513100326061249, 0.051838453859090805, 0.051660314202308655], "val_accuracy": [0.1361842155456543, 0.37878289818763733, 0.4861019551753998, 0.5683388113975525, 0.6004111766815186, 0.5995888113975525, 0.6168585419654846, 0.6662006378173828, 0.668667733669281, 0.6736842393875122, 0.7028782963752747, 0.7064967155456543, 0.7120065689086914, 0.7143914699554443, 0.7225328683853149, 0.7341282963752747, 0.731249988079071, 0.7420229911804199, 0.7563322186470032, 0.7592105269432068, 0.6568256616592407, 0.761677622795105, 0.7550987005233765, 0.7476973533630371, 0.7661184072494507, 0.7604441046714783, 0.7761512994766235, 0.7680099010467529, 0.7756578922271729, 0.7629112005233765, 0.7802631258964539, 0.7777960300445557, 0.7865131497383118, 0.7856085300445557, 0.7754111886024475, 0.7835526466369629, 0.7814967036247253]}